date,reach,likes,followers,comments,shares,saves,profile_views
2026-05-01,450,110,980,12,5,8,40
2026-05-02,520,125,990,15,7,10,45
2026-05-03,610,140,1005,18,9,13,52
2026-05-04,700,160,1020,20,10,15,60
2026-05-05,780,180,1035,22,12,18,68
2026-05-06,850,195,1050,25,15,20,75
2026-05-07,920,210,1065,28,18,23,80
2026-05-08,1000,240,1085,30,20,25,90
2026-05-09,1120,260,1100,34,24,28,98
2026-05-10,1250,285,1120,38,28,30,110
2026-05-11,1380,300,1140,42,30,35,120
2026-05-12,1500,320,1160,45,35,38,130
2026-05-13,1650,350,1185,50,40,42,145
2026-05-14,1780,375,1210,54,44,46,155
2026-05-15,1900,400,1235,58,48,50,168
2026-05-16,2050,430,1260,62,52,55,180
2026-05-17,2200,460,1290,66,58,60,195
2026-05-18,2400,490,1320,70,62,66,210
2026-05-19,2600,520,1350,75,68,72,225
2026-05-20,2850,560,1385,80,74,78,245
2026-05-21,3100,600,1420,85,80,84,260
2026-05-22,3350,640,1460,90,86,90,280
2026-05-23,3600,690,1500,96,92,98,300
2026-05-24,3900,740,1545,102,98,105,325
2026-05-25,4200,790,1590,108,105,112,350
2026-05-26,4500,840,1640,115,112,120,380
2026-05-27,4850,900,1695,122,120,128,410
2026-05-28,5200,960,1750,130,128,136,440
2026-05-29,5600,1030,1810,138,136,145,470
2026-05-30,6000,1100,1880,145,145,155,500